,mean,max_brightness_count,min_brightness_count,total_count,center
0,151.0,0.0,256.0,10080.0,169.0
1,151.0,0.0,256.0,10080.0,169.0
2,151.0,0.0,256.0,10080.0,169.0
3,155.0,0.0,644.0,25376.0,155.0
4,155.0,0.0,644.0,25376.0,155.0
5,155.0,0.0,644.0,25376.0,155.0
6,155.0,0.0,708.0,26230.0,152.0
7,155.0,0.0,708.0,26230.0,152.0
8,155.0,0.0,708.0,26230.0,152.0
9,154.0,0.0,551.0,26040.0,167.0
10,154.0,0.0,551.0,26040.0,167.0
11,154.0,0.0,551.0,26040.0,167.0
12,153.0,0.0,654.0,26375.0,158.0
13,153.0,0.0,654.0,26375.0,158.0
14,153.0,0.0,654.0,26375.0,158.0
15,154.0,0.0,677.0,24990.0,145.0
16,154.0,0.0,677.0,24990.0,145.0
17,154.0,0.0,677.0,24990.0,145.0
18,153.0,0.0,692.0,25544.0,162.0
19,153.0,0.0,692.0,25544.0,162.0
20,153.0,0.0,692.0,25544.0,162.0
21,153.0,0.0,458.0,23836.0,156.0
22,153.0,0.0,458.0,23836.0,156.0
23,153.0,0.0,458.0,23836.0,156.0
24,152.0,0.0,486.0,24079.0,154.0
25,152.0,0.0,486.0,24079.0,154.0
26,152.0,0.0,486.0,24079.0,154.0
27,152.0,0.0,503.0,22655.0,156.0
28,152.0,0.0,503.0,22655.0,156.0
29,152.0,0.0,503.0,22655.0,156.0
30,152.0,0.0,432.0,21423.0,159.0
31,152.0,0.0,432.0,21423.0,159.0
32,152.0,0.0,432.0,21423.0,159.0
33,153.0,0.0,444.0,19716.0,151.0
34,153.0,0.0,444.0,19716.0,151.0
35,153.0,0.0,444.0,19716.0,151.0
36,151.0,0.0,297.0,19224.0,156.0
37,151.0,0.0,297.0,19224.0,156.0
38,151.0,0.0,297.0,19224.0,156.0
39,151.0,0.0,323.0,17655.0,160.0
40,151.0,0.0,323.0,17655.0,160.0
41,151.0,0.0,323.0,17655.0,160.0
42,152.0,0.0,331.0,15416.0,145.0
43,152.0,0.0,331.0,15416.0,145.0
44,152.0,0.0,331.0,15416.0,145.0
45,148.0,0.0,162.0,14694.0,149.0
46,148.0,0.0,162.0,14694.0,149.0
47,148.0,0.0,162.0,14694.0,149.0
48,145.0,0.0,47.0,13708.0,156.0
49,145.0,0.0,47.0,13708.0,156.0
50,145.0,0.0,47.0,13708.0,156.0
51,154.0,0.0,362.0,10611.0,158.0
52,154.0,0.0,362.0,10611.0,158.0
53,154.0,0.0,362.0,10611.0,158.0
54,142.0,0.0,23.0,12760.0,146.0
55,142.0,0.0,23.0,12760.0,146.0
56,142.0,0.0,23.0,12760.0,146.0
57,140.0,0.0,19.0,11844.0,151.0
58,140.0,0.0,19.0,11844.0,151.0
59,140.0,0.0,19.0,11844.0,151.0
60,139.0,0.0,5.0,10452.0,153.0
61,139.0,0.0,5.0,10452.0,153.0
62,139.0,0.0,5.0,10452.0,153.0
63,137.0,0.0,8.0,10368.0,148.0
64,137.0,0.0,8.0,10368.0,148.0
65,137.0,0.0,8.0,10368.0,148.0
66,135.0,0.0,0.0,9450.0,145.0
67,135.0,0.0,0.0,9450.0,145.0
68,135.0,0.0,0.0,9450.0,145.0
69,133.0,0.0,2.0,8760.0,136.0
70,133.0,0.0,2.0,8760.0,136.0
71,133.0,0.0,2.0,8760.0,136.0
72,130.0,0.0,0.0,8165.0,135.0
73,130.0,0.0,0.0,8165.0,135.0
74,130.0,0.0,0.0,8165.0,135.0
75,127.0,0.0,0.0,7504.0,130.0
76,127.0,0.0,0.0,7504.0,130.0
77,127.0,0.0,0.0,7504.0,130.0
78,159.0,0.0,467.0,10965.0,171.0
79,159.0,0.0,467.0,10965.0,171.0
80,159.0,0.0,467.0,10965.0,171.0
81,125.0,0.0,0.0,7548.0,143.0
82,125.0,0.0,0.0,7548.0,143.0
83,125.0,0.0,0.0,7548.0,143.0
84,123.0,0.0,0.0,6955.0,123.0
85,123.0,0.0,0.0,6955.0,123.0
86,123.0,0.0,0.0,6955.0,123.0
87,121.0,0.0,0.0,6678.0,130.0
88,121.0,0.0,0.0,6678.0,130.0
89,121.0,0.0,0.0,6678.0,130.0
90,119.0,0.0,0.0,6760.0,127.0
91,119.0,0.0,0.0,6760.0,127.0
92,119.0,0.0,0.0,6760.0,127.0
93,117.0,0.0,0.0,6100.0,130.0
94,117.0,0.0,0.0,6100.0,130.0
95,117.0,0.0,0.0,6100.0,130.0
96,113.0,0.0,0.0,5782.0,114.0
97,113.0,0.0,0.0,5782.0,114.0
98,113.0,0.0,0.0,5782.0,114.0
99,109.0,0.0,0.0,5452.0,118.0
100,109.0,0.0,0.0,5452.0,118.0
101,109.0,0.0,0.0,5452.0,118.0
102,106.0,0.0,0.0,5546.0,108.0
103,106.0,0.0,0.0,5546.0,108.0
104,106.0,0.0,0.0,5546.0,108.0
105,105.0,0.0,0.0,5208.0,109.0
106,105.0,0.0,0.0,5208.0,109.0
107,105.0,0.0,0.0,5208.0,109.0
108,102.0,0.0,0.0,5336.0,104.0
109,102.0,0.0,0.0,5336.0,104.0
110,102.0,0.0,0.0,5336.0,104.0
111,101.0,0.0,0.0,5301.0,99.0
112,101.0,0.0,0.0,5301.0,99.0
113,101.0,0.0,0.0,5301.0,99.0
114,101.0,0.0,0.0,5487.0,108.0
115,101.0,0.0,0.0,5487.0,108.0
116,101.0,0.0,0.0,5487.0,108.0
117,100.0,0.0,0.0,5264.0,109.0
118,100.0,0.0,0.0,5264.0,109.0
119,100.0,0.0,0.0,5264.0,109.0
120,101.0,0.0,0.0,5170.0,106.0
121,101.0,0.0,0.0,5170.0,106.0
122,101.0,0.0,0.0,5170.0,106.0
123,104.0,0.0,0.0,5170.0,106.0
124,104.0,0.0,0.0,5170.0,106.0
125,104.0,0.0,0.0,5170.0,106.0
126,106.0,0.0,0.0,5336.0,114.0
127,106.0,0.0,0.0,5336.0,114.0
128,106.0,0.0,0.0,5336.0,114.0
129,110.0,0.0,0.0,5244.0,116.0
130,110.0,0.0,0.0,5244.0,116.0
131,110.0,0.0,0.0,5244.0,116.0
132,111.0,0.0,0.0,5700.0,121.0
133,111.0,0.0,0.0,5700.0,121.0
134,111.0,0.0,0.0,5700.0,121.0
135,160.0,0.0,560.0,10496.0,171.0
136,160.0,0.0,560.0,10496.0,171.0
137,160.0,0.0,560.0,10496.0,171.0
138,117.0,0.0,0.0,5700.0,125.0
139,117.0,0.0,0.0,5700.0,125.0
140,117.0,0.0,0.0,5700.0,125.0
141,123.0,0.0,0.0,5358.0,125.0
142,123.0,0.0,0.0,5358.0,125.0
143,123.0,0.0,0.0,5358.0,125.0
144,127.0,0.0,0.0,5640.0,132.0
145,127.0,0.0,0.0,5640.0,132.0
146,127.0,0.0,0.0,5640.0,132.0
147,132.0,0.0,0.0,5452.0,135.0
148,132.0,0.0,0.0,5452.0,135.0
149,132.0,0.0,0.0,5452.0,135.0
150,133.0,0.0,0.0,5640.0,140.0
151,133.0,0.0,0.0,5640.0,140.0
152,133.0,0.0,0.0,5640.0,140.0
153,133.0,0.0,0.0,5244.0,139.0
154,133.0,0.0,0.0,5244.0,139.0
155,133.0,0.0,0.0,5244.0,139.0
156,133.0,0.0,0.0,4452.0,139.0
157,133.0,0.0,0.0,4452.0,139.0
158,133.0,0.0,0.0,4452.0,139.0
159,130.0,0.0,0.0,3384.0,132.0
160,130.0,0.0,0.0,3384.0,132.0
161,130.0,0.0,0.0,3384.0,132.0
162,102.0,0.0,0.0,1716.0,111.0
163,102.0,0.0,0.0,1716.0,111.0
164,102.0,0.0,0.0,1716.0,111.0
165,91.0,0.0,0.0,1680.0,86.0
166,91.0,0.0,0.0,1680.0,86.0
167,91.0,0.0,0.0,1680.0,86.0
168,162.0,2.0,729.0,11616.0,178.0
169,162.0,2.0,729.0,11616.0,178.0
170,162.0,2.0,729.0,11616.0,178.0
171,90.0,0.0,0.0,2135.0,92.0
172,90.0,0.0,0.0,2135.0,92.0
173,90.0,0.0,0.0,2135.0,92.0
174,89.0,0.0,0.0,3010.0,86.0
175,89.0,0.0,0.0,3010.0,86.0
176,89.0,0.0,0.0,3010.0,86.0
177,162.0,3.0,875.0,12093.0,174.0
178,162.0,3.0,875.0,12093.0,174.0
179,162.0,3.0,875.0,12093.0,174.0
180,162.0,3.0,955.0,12180.0,173.0
181,162.0,3.0,955.0,12180.0,173.0
182,162.0,3.0,955.0,12180.0,173.0
183,162.0,7.0,1062.0,12994.0,173.0
184,162.0,7.0,1062.0,12994.0,173.0
185,162.0,7.0,1062.0,12994.0,173.0
186,162.0,5.0,1139.0,13818.0,171.0
187,162.0,5.0,1139.0,13818.0,171.0
188,162.0,5.0,1139.0,13818.0,171.0
189,162.0,8.0,1095.0,15912.0,177.0
190,162.0,8.0,1095.0,15912.0,177.0
191,162.0,8.0,1095.0,15912.0,177.0
192,162.0,1.0,1168.0,15876.0,176.0
193,162.0,1.0,1168.0,15876.0,176.0
194,162.0,1.0,1168.0,15876.0,176.0
195,161.0,4.0,1337.0,17334.0,176.0
196,161.0,4.0,1337.0,17334.0,176.0
197,161.0,4.0,1337.0,17334.0,176.0
198,161.0,6.0,1371.0,18040.0,175.0
199,161.0,6.0,1371.0,18040.0,175.0
200,161.0,6.0,1371.0,18040.0,175.0
201,162.0,4.0,1386.0,17877.0,160.0
202,162.0,4.0,1386.0,17877.0,160.0
203,162.0,4.0,1386.0,17877.0,160.0
204,161.0,4.0,1515.0,19470.0,169.0
205,161.0,4.0,1515.0,19470.0,169.0
206,161.0,4.0,1515.0,19470.0,169.0
207,163.0,3.0,1656.0,19372.0,170.0
208,163.0,3.0,1656.0,19372.0,170.0
209,163.0,3.0,1656.0,19372.0,170.0
210,163.0,5.0,1609.0,19720.0,167.0
211,163.0,5.0,1609.0,19720.0,167.0
212,163.0,5.0,1609.0,19720.0,167.0
213,162.0,0.0,1767.0,20868.0,162.0
214,162.0,0.0,1767.0,20868.0,162.0
215,162.0,0.0,1767.0,20868.0,162.0
216,161.0,0.0,1770.0,25740.0,176.0
217,161.0,0.0,1770.0,25740.0,176.0
218,161.0,0.0,1770.0,25740.0,176.0
219,161.0,2.0,1812.0,21432.0,175.0
220,161.0,2.0,1812.0,21432.0,175.0
221,161.0,2.0,1812.0,21432.0,175.0
222,161.0,1.0,1800.0,25273.0,175.0
223,161.0,1.0,1800.0,25273.0,175.0
224,161.0,1.0,1800.0,25273.0,175.0
225,161.0,3.0,1794.0,24639.0,173.0
226,161.0,3.0,1794.0,24639.0,173.0
227,161.0,3.0,1794.0,24639.0,173.0
228,161.0,8.0,1726.0,23760.0,172.0
229,161.0,8.0,1726.0,23760.0,172.0
230,161.0,8.0,1726.0,23760.0,172.0
231,161.0,0.0,1734.0,23160.0,177.0
232,161.0,0.0,1734.0,23160.0,177.0
233,161.0,0.0,1734.0,23160.0,177.0
234,161.0,0.0,1730.0,23040.0,175.0
235,161.0,0.0,1730.0,23040.0,175.0
236,161.0,0.0,1730.0,23040.0,175.0
237,161.0,1.0,1770.0,22656.0,176.0
238,161.0,1.0,1770.0,22656.0,176.0
239,161.0,1.0,1770.0,22656.0,176.0
240,161.0,0.0,1652.0,21583.0,173.0
241,161.0,0.0,1652.0,21583.0,173.0
242,161.0,0.0,1652.0,21583.0,173.0
243,162.0,0.0,1712.0,20648.0,169.0
244,162.0,0.0,1712.0,20648.0,169.0
245,162.0,0.0,1712.0,20648.0,169.0
246,161.0,1.0,1605.0,21318.0,173.0
247,161.0,1.0,1605.0,21318.0,173.0
248,161.0,1.0,1605.0,21318.0,173.0
249,164.0,1.0,1523.0,18126.0,176.0
250,164.0,1.0,1523.0,18126.0,176.0
251,164.0,1.0,1523.0,18126.0,176.0
252,161.0,6.0,1608.0,20453.0,172.0
253,161.0,6.0,1608.0,20453.0,172.0
254,161.0,6.0,1608.0,20453.0,172.0
255,160.0,3.0,1448.0,17930.0,177.0
256,160.0,3.0,1448.0,17930.0,177.0
257,160.0,3.0,1448.0,17930.0,177.0
258,162.0,4.0,1496.0,18924.0,175.0
259,162.0,4.0,1496.0,18924.0,175.0
260,162.0,4.0,1496.0,18924.0,175.0
261,161.0,2.0,1417.0,16995.0,177.0
262,161.0,2.0,1417.0,16995.0,177.0
263,161.0,2.0,1417.0,16995.0,177.0
264,160.0,5.0,1308.0,16320.0,176.0
265,160.0,5.0,1308.0,16320.0,176.0
266,160.0,5.0,1308.0,16320.0,176.0
267,164.0,0.0,482.0,14060.0,172.0
268,164.0,0.0,482.0,14060.0,172.0
269,164.0,0.0,482.0,14060.0,172.0
270,162.0,6.0,885.0,12816.0,165.0
271,162.0,6.0,885.0,12816.0,165.0
272,162.0,6.0,885.0,12816.0,165.0
273,161.0,16.0,848.0,11352.0,174.0
274,161.0,16.0,848.0,11352.0,174.0
275,161.0,16.0,848.0,11352.0,174.0
276,157.0,2.0,259.0,3139.0,74.0
277,157.0,2.0,259.0,3139.0,74.0
278,157.0,2.0,259.0,3139.0,74.0
279,129.0,0.0,19.0,4891.0,174.0
280,129.0,0.0,19.0,4891.0,174.0
281,129.0,0.0,19.0,4891.0,174.0
282,161.0,9.0,790.0,10287.0,171.0
283,161.0,9.0,790.0,10287.0,171.0
284,161.0,9.0,790.0,10287.0,171.0
285,130.0,0.0,16.0,4544.0,195.0
286,130.0,0.0,16.0,4544.0,195.0
287,130.0,0.0,16.0,4544.0,195.0
288,161.0,6.0,696.0,9594.0,177.0
289,161.0,6.0,696.0,9594.0,177.0
290,161.0,6.0,696.0,9594.0,177.0
291,162.0,1.0,642.0,8280.0,172.0
292,162.0,1.0,642.0,8280.0,172.0
293,162.0,1.0,642.0,8280.0,172.0
294,163.0,6.0,559.0,6864.0,159.0
295,163.0,6.0,559.0,6864.0,159.0
296,163.0,6.0,559.0,6864.0,159.0
297,161.0,12.0,617.0,8510.0,171.0
298,161.0,12.0,617.0,8510.0,171.0
299,161.0,12.0,617.0,8510.0,171.0
300,131.0,0.0,9.0,3180.0,179.0
301,131.0,0.0,9.0,3180.0,179.0
302,131.0,0.0,9.0,3180.0,179.0
303,161.0,2.0,452.0,6400.0,173.0
304,161.0,2.0,452.0,6400.0,173.0
305,161.0,2.0,452.0,6400.0,173.0
306,161.0,4.0,363.0,5301.0,171.0
307,161.0,4.0,363.0,5301.0,171.0
308,161.0,4.0,363.0,5301.0,171.0
309,162.0,2.0,350.0,4730.0,167.0
310,162.0,2.0,350.0,4730.0,167.0
311,162.0,2.0,350.0,4730.0,167.0
312,162.0,7.0,376.0,6097.0,186.0
313,162.0,7.0,376.0,6097.0,186.0
314,162.0,7.0,376.0,6097.0,186.0
315,160.0,1.0,328.0,4374.0,167.0
316,160.0,1.0,328.0,4374.0,167.0
317,160.0,1.0,328.0,4374.0,167.0
318,161.0,9.0,387.0,5742.0,178.0
319,161.0,9.0,387.0,5742.0,178.0
320,161.0,9.0,387.0,5742.0,178.0
321,157.0,1.0,188.0,4100.0,157.0
322,157.0,1.0,188.0,4100.0,157.0
323,157.0,1.0,188.0,4100.0,157.0
324,157.0,1.0,228.0,5244.0,180.0
325,157.0,1.0,228.0,5244.0,180.0
326,157.0,1.0,228.0,5244.0,180.0
327,152.0,0.0,191.0,4399.0,148.0
328,152.0,0.0,191.0,4399.0,148.0
329,152.0,0.0,191.0,4399.0,148.0
330,152.0,0.0,319.0,5460.0,162.0
331,152.0,0.0,319.0,5460.0,162.0
332,152.0,0.0,319.0,5460.0,162.0
333,147.0,0.0,139.0,4437.0,140.0
334,147.0,0.0,139.0,4437.0,140.0
335,147.0,0.0,139.0,4437.0,140.0
336,148.0,0.0,161.0,6068.0,171.0
337,148.0,0.0,161.0,6068.0,171.0
338,148.0,0.0,161.0,6068.0,171.0
339,143.0,0.0,99.0,4814.0,145.0
340,143.0,0.0,99.0,4814.0,145.0
341,143.0,0.0,99.0,4814.0,145.0
342,145.0,0.0,104.0,4524.0,160.0
343,145.0,0.0,104.0,4524.0,160.0
344,145.0,0.0,104.0,4524.0,160.0
345,140.0,0.0,55.0,4182.0,144.0
346,140.0,0.0,55.0,4182.0,144.0
347,140.0,0.0,55.0,4182.0,144.0
348,140.0,0.0,98.0,5270.0,151.0
349,140.0,0.0,98.0,5270.0,151.0
350,140.0,0.0,98.0,5270.0,151.0
351,138.0,0.0,50.0,4316.0,141.0
352,138.0,0.0,50.0,4316.0,141.0
353,138.0,0.0,50.0,4316.0,141.0
354,135.0,0.0,63.0,4560.0,141.0
355,135.0,0.0,63.0,4560.0,141.0
356,135.0,0.0,63.0,4560.0,141.0
357,132.0,0.0,53.0,4150.0,120.0
358,132.0,0.0,53.0,4150.0,120.0
359,132.0,0.0,53.0,4150.0,120.0
360,131.0,0.0,85.0,4712.0,141.0
361,131.0,0.0,85.0,4712.0,141.0
362,131.0,0.0,85.0,4712.0,141.0
363,129.0,0.0,75.0,4018.0,123.0
364,129.0,0.0,75.0,4018.0,123.0
365,129.0,0.0,75.0,4018.0,123.0
366,129.0,0.0,144.0,5551.0,135.0
367,129.0,0.0,144.0,5551.0,135.0
368,129.0,0.0,144.0,5551.0,135.0
369,124.0,0.0,39.0,4335.0,121.0
370,124.0,0.0,39.0,4335.0,121.0
371,124.0,0.0,39.0,4335.0,121.0
372,121.0,0.0,119.0,4590.0,122.0
373,121.0,0.0,119.0,4590.0,122.0
374,121.0,0.0,119.0,4590.0,122.0
375,121.0,0.0,150.0,7068.0,144.0
376,121.0,0.0,150.0,7068.0,144.0
377,121.0,0.0,150.0,7068.0,144.0
378,119.0,0.0,48.0,4420.0,118.0
379,119.0,0.0,48.0,4420.0,118.0
380,119.0,0.0,48.0,4420.0,118.0
381,116.0,0.0,54.0,4472.0,128.0
382,116.0,0.0,54.0,4472.0,128.0
383,116.0,0.0,54.0,4472.0,128.0
384,117.0,0.0,45.0,4810.0,131.0
385,117.0,0.0,45.0,4810.0,131.0
386,117.0,0.0,45.0,4810.0,131.0
387,116.0,0.0,33.0,4592.0,127.0
388,116.0,0.0,33.0,4592.0,127.0
389,116.0,0.0,33.0,4592.0,127.0
390,115.0,0.0,25.0,4788.0,121.0
391,115.0,0.0,25.0,4788.0,121.0
392,115.0,0.0,25.0,4788.0,121.0
393,114.0,0.0,93.0,4876.0,113.0
394,114.0,0.0,93.0,4876.0,113.0
395,114.0,0.0,93.0,4876.0,113.0
396,108.0,0.0,50.0,4785.0,115.0
397,108.0,0.0,50.0,4785.0,115.0
398,108.0,0.0,50.0,4785.0,115.0
399,108.0,0.0,6.0,3969.0,108.0
400,108.0,0.0,6.0,3969.0,108.0
401,108.0,0.0,6.0,3969.0,108.0
402,107.0,0.0,20.0,4770.0,118.0
403,107.0,0.0,20.0,4770.0,118.0
404,107.0,0.0,20.0,4770.0,118.0
405,107.0,0.0,11.0,4914.0,113.0
406,107.0,0.0,11.0,4914.0,113.0
407,107.0,0.0,11.0,4914.0,113.0
408,109.0,0.0,34.0,5035.0,116.0
409,109.0,0.0,34.0,5035.0,116.0
410,109.0,0.0,34.0,5035.0,116.0
411,109.0,0.0,24.0,6120.0,116.0
412,109.0,0.0,24.0,6120.0,116.0
413,109.0,0.0,24.0,6120.0,116.0
414,123.0,0.0,52.0,7626.0,136.0
415,123.0,0.0,52.0,7626.0,136.0
416,123.0,0.0,52.0,7626.0,136.0
417,129.0,0.0,102.0,9750.0,130.0
418,129.0,0.0,102.0,9750.0,130.0
419,129.0,0.0,102.0,9750.0,130.0
420,135.0,0.0,91.0,10668.0,145.0
421,135.0,0.0,91.0,10668.0,145.0
422,135.0,0.0,91.0,10668.0,145.0
423,141.0,0.0,114.0,11310.0,146.0
424,141.0,0.0,114.0,11310.0,146.0
425,141.0,0.0,114.0,11310.0,146.0
426,144.0,0.0,220.0,12267.0,143.0
427,144.0,0.0,220.0,12267.0,143.0
428,144.0,0.0,220.0,12267.0,143.0
429,149.0,0.0,169.0,12420.0,159.0
430,149.0,0.0,169.0,12420.0,159.0
431,149.0,0.0,169.0,12420.0,159.0
432,150.0,0.0,247.0,12922.0,160.0
433,150.0,0.0,247.0,12922.0,160.0
434,150.0,0.0,247.0,12922.0,160.0
435,151.0,1.0,422.0,12460.0,162.0
436,151.0,1.0,422.0,12460.0,162.0
437,151.0,1.0,422.0,12460.0,162.0
438,153.0,1.0,458.0,12460.0,158.0
439,153.0,1.0,458.0,12460.0,158.0
440,153.0,1.0,458.0,12460.0,158.0
441,157.0,0.0,533.0,12420.0,167.0
442,157.0,0.0,533.0,12420.0,167.0
443,157.0,0.0,533.0,12420.0,167.0
444,158.0,2.0,704.0,12927.0,172.0
445,158.0,2.0,704.0,12927.0,172.0
446,158.0,2.0,704.0,12927.0,172.0
447,158.0,4.0,769.0,14602.0,173.0
448,158.0,4.0,769.0,14602.0,173.0
449,158.0,4.0,769.0,14602.0,173.0
450,159.0,0.0,977.0,16960.0,169.0
451,159.0,0.0,977.0,16960.0,169.0
452,159.0,0.0,977.0,16960.0,169.0
453,160.0,0.0,1121.0,18690.0,174.0
454,160.0,0.0,1121.0,18690.0,174.0
455,160.0,0.0,1121.0,18690.0,174.0
456,160.0,0.0,1237.0,20056.0,176.0
457,160.0,0.0,1237.0,20056.0,176.0
458,160.0,0.0,1237.0,20056.0,176.0
459,157.0,1.0,1435.0,23562.0,172.0
460,157.0,1.0,1435.0,23562.0,172.0
461,157.0,1.0,1435.0,23562.0,172.0
462,154.0,0.0,341.0,6279.0,163.0
463,154.0,0.0,341.0,6279.0,163.0
464,154.0,0.0,341.0,6279.0,163.0
465,153.0,0.0,459.0,7140.0,166.0
466,153.0,0.0,459.0,7140.0,166.0
467,153.0,0.0,459.0,7140.0,166.0
468,161.0,0.0,503.0,7452.0,163.0
469,161.0,0.0,503.0,7452.0,163.0
470,161.0,0.0,503.0,7452.0,163.0
471,154.0,0.0,435.0,6996.0,186.0
472,154.0,0.0,435.0,6996.0,186.0
473,154.0,0.0,435.0,6996.0,186.0
474,156.0,0.0,338.0,7038.0,167.0
475,156.0,0.0,338.0,7038.0,167.0
476,156.0,0.0,338.0,7038.0,167.0
477,154.0,0.0,419.0,7035.0,170.0
478,154.0,0.0,419.0,7035.0,170.0
479,154.0,0.0,419.0,7035.0,170.0
480,158.0,0.0,450.0,7140.0,161.0
481,158.0,0.0,450.0,7140.0,161.0
482,158.0,0.0,450.0,7140.0,161.0
483,154.0,0.0,486.0,6968.0,172.0
484,154.0,0.0,486.0,6968.0,172.0
485,154.0,0.0,486.0,6968.0,172.0
486,154.0,0.0,410.0,7176.0,177.0
487,154.0,0.0,410.0,7176.0,177.0
488,154.0,0.0,410.0,7176.0,177.0
489,154.0,0.0,392.0,7632.0,158.0
490,154.0,0.0,392.0,7632.0,158.0
491,154.0,0.0,392.0,7632.0,158.0
492,152.0,0.0,370.0,6816.0,160.0
493,152.0,0.0,370.0,6816.0,160.0
494,152.0,0.0,370.0,6816.0,160.0
495,154.0,0.0,415.0,7245.0,169.0
496,154.0,0.0,415.0,7245.0,169.0
497,154.0,0.0,415.0,7245.0,169.0
498,154.0,0.0,492.0,6864.0,167.0
499,154.0,0.0,492.0,6864.0,167.0
500,154.0,0.0,492.0,6864.0,167.0
501,151.0,0.0,426.0,7004.0,181.0
502,151.0,0.0,426.0,7004.0,181.0
503,151.0,0.0,426.0,7004.0,181.0
504,151.0,0.0,375.0,7500.0,156.0
505,151.0,0.0,375.0,7500.0,156.0
506,151.0,0.0,375.0,7500.0,156.0
507,162.0,0.0,418.0,6077.0,159.0
508,162.0,0.0,418.0,6077.0,159.0
509,162.0,0.0,418.0,6077.0,159.0
510,155.0,0.0,524.0,8736.0,164.0
511,155.0,0.0,524.0,8736.0,164.0
512,155.0,0.0,524.0,8736.0,164.0
513,154.0,0.0,497.0,8778.0,162.0
514,154.0,0.0,497.0,8778.0,162.0
515,154.0,0.0,497.0,8778.0,162.0
516,158.0,0.0,567.0,8584.0,160.0
517,158.0,0.0,567.0,8584.0,160.0
518,158.0,0.0,567.0,8584.0,160.0
519,153.0,0.0,753.0,12408.0,161.0
520,153.0,0.0,753.0,12408.0,161.0
521,153.0,0.0,753.0,12408.0,161.0
522,150.0,0.0,756.0,13132.0,157.0
523,150.0,0.0,756.0,13132.0,157.0
524,150.0,0.0,756.0,13132.0,157.0
525,153.0,0.0,644.0,13400.0,159.0
526,153.0,0.0,644.0,13400.0,159.0
527,153.0,0.0,644.0,13400.0,159.0
528,154.0,0.0,748.0,13585.0,165.0
529,154.0,0.0,748.0,13585.0,165.0
530,154.0,0.0,748.0,13585.0,165.0
531,155.0,0.0,683.0,11466.0,164.0
532,155.0,0.0,683.0,11466.0,164.0
533,155.0,0.0,683.0,11466.0,164.0
534,152.0,0.0,664.0,12900.0,156.0
535,152.0,0.0,664.0,12900.0,156.0
536,152.0,0.0,664.0,12900.0,156.0
537,157.0,0.0,815.0,14178.0,175.0
538,157.0,0.0,815.0,14178.0,175.0
539,157.0,0.0,815.0,14178.0,175.0
540,158.0,0.0,747.0,12596.0,169.0
541,158.0,0.0,747.0,12596.0,169.0
542,158.0,0.0,747.0,12596.0,169.0
543,157.0,0.0,957.0,14014.0,168.0
544,157.0,0.0,957.0,14014.0,168.0
545,157.0,0.0,957.0,14014.0,168.0
546,159.0,0.0,763.0,11704.0,163.0
547,159.0,0.0,763.0,11704.0,163.0
548,159.0,0.0,763.0,11704.0,163.0
549,152.0,0.0,825.0,15640.0,165.0
550,152.0,0.0,825.0,15640.0,165.0
551,152.0,0.0,825.0,15640.0,165.0
552,151.0,0.0,776.0,15400.0,160.0
553,151.0,0.0,776.0,15400.0,160.0
554,151.0,0.0,776.0,15400.0,160.0
555,157.0,0.0,556.0,13160.0,168.0
556,157.0,0.0,556.0,13160.0,168.0
557,157.0,0.0,556.0,13160.0,168.0
558,155.0,0.0,741.0,13386.0,170.0
559,155.0,0.0,741.0,13386.0,170.0
560,155.0,0.0,741.0,13386.0,170.0
561,157.0,0.0,733.0,12193.0,167.0
562,157.0,0.0,733.0,12193.0,167.0
563,157.0,0.0,733.0,12193.0,167.0
564,155.0,0.0,675.0,13034.0,167.0
565,155.0,0.0,675.0,13034.0,167.0
566,155.0,0.0,675.0,13034.0,167.0
567,154.0,0.0,723.0,13761.0,158.0
568,154.0,0.0,723.0,13761.0,158.0
569,154.0,0.0,723.0,13761.0,158.0
570,150.0,0.0,674.0,13416.0,168.0
571,150.0,0.0,674.0,13416.0,168.0
572,150.0,0.0,674.0,13416.0,168.0
573,155.0,0.0,804.0,13110.0,162.0
574,155.0,0.0,804.0,13110.0,162.0
575,155.0,0.0,804.0,13110.0,162.0
576,151.0,0.0,785.0,12730.0,177.0
577,151.0,0.0,785.0,12730.0,177.0
578,151.0,0.0,785.0,12730.0,177.0
579,154.0,0.0,761.0,13095.0,157.0
580,154.0,0.0,761.0,13095.0,157.0
581,154.0,0.0,761.0,13095.0,157.0
582,158.0,0.0,825.0,12012.0,165.0
583,158.0,0.0,825.0,12012.0,165.0
584,158.0,0.0,825.0,12012.0,165.0
585,152.0,0.0,899.0,15620.0,161.0
586,152.0,0.0,899.0,15620.0,161.0
587,152.0,0.0,899.0,15620.0,161.0
588,155.0,0.0,819.0,13622.0,160.0
589,155.0,0.0,819.0,13622.0,160.0
590,155.0,0.0,819.0,13622.0,160.0
591,157.0,0.0,835.0,13386.0,170.0
592,157.0,0.0,835.0,13386.0,170.0
593,157.0,0.0,835.0,13386.0,170.0
594,155.0,0.0,715.0,14008.0,171.0
595,155.0,0.0,715.0,14008.0,171.0
596,155.0,0.0,715.0,14008.0,171.0
597,161.0,0.0,893.0,11060.0,166.0
598,161.0,0.0,893.0,11060.0,166.0
599,161.0,0.0,893.0,11060.0,166.0
600,154.0,0.0,824.0,13440.0,159.0
601,154.0,0.0,824.0,13440.0,159.0
602,154.0,0.0,824.0,13440.0,159.0
603,156.0,0.0,752.0,13860.0,169.0
604,156.0,0.0,752.0,13860.0,169.0
605,156.0,0.0,752.0,13860.0,169.0
606,151.0,0.0,763.0,12610.0,167.0
607,151.0,0.0,763.0,12610.0,167.0
608,151.0,0.0,763.0,12610.0,167.0
609,155.0,0.0,725.0,13386.0,161.0
610,155.0,0.0,725.0,13386.0,161.0
611,155.0,0.0,725.0,13386.0,161.0
612,157.0,0.0,708.0,11730.0,157.0
613,157.0,0.0,708.0,11730.0,157.0
614,157.0,0.0,708.0,11730.0,157.0
615,152.0,0.0,805.0,14065.0,158.0
616,152.0,0.0,805.0,14065.0,158.0
617,152.0,0.0,805.0,14065.0,158.0
618,149.0,0.0,146.0,9282.0,138.0
619,149.0,0.0,146.0,9282.0,138.0
620,149.0,0.0,146.0,9282.0,138.0
621,148.0,0.0,111.0,11266.0,146.0
622,148.0,0.0,111.0,11266.0,146.0
623,148.0,0.0,111.0,11266.0,146.0
624,148.0,0.0,104.0,11016.0,149.0
625,148.0,0.0,104.0,11016.0,149.0
626,148.0,0.0,104.0,11016.0,149.0
627,148.0,0.0,74.0,11154.0,137.0
628,148.0,0.0,74.0,11154.0,137.0
629,148.0,0.0,74.0,11154.0,137.0
630,148.0,0.0,48.0,10200.0,139.0
631,148.0,0.0,48.0,10200.0,139.0
632,148.0,0.0,48.0,10200.0,139.0
633,150.0,0.0,122.0,11988.0,143.0
634,150.0,0.0,122.0,11988.0,143.0
635,150.0,0.0,122.0,11988.0,143.0
636,149.0,0.0,97.0,10934.0,141.0
637,149.0,0.0,97.0,10934.0,141.0
638,149.0,0.0,97.0,10934.0,141.0
639,148.0,0.0,102.0,10686.0,146.0
640,148.0,0.0,102.0,10686.0,146.0
641,148.0,0.0,102.0,10686.0,146.0
642,148.0,0.0,108.0,10286.0,138.0
643,148.0,0.0,108.0,10286.0,138.0
644,148.0,0.0,108.0,10286.0,138.0
645,132.0,0.0,6.0,23058.0,136.0
646,132.0,0.0,6.0,23058.0,136.0
647,132.0,0.0,6.0,23058.0,136.0
648,149.0,0.0,69.0,9867.0,145.0
649,149.0,0.0,69.0,9867.0,145.0
650,149.0,0.0,69.0,9867.0,145.0
651,150.0,0.0,177.0,10500.0,168.0
652,150.0,0.0,177.0,10500.0,168.0
653,150.0,0.0,177.0,10500.0,168.0
654,149.0,0.0,100.0,10010.0,141.0
655,149.0,0.0,100.0,10010.0,141.0
656,149.0,0.0,100.0,10010.0,141.0
657,148.0,0.0,294.0,13912.0,141.0
658,148.0,0.0,294.0,13912.0,141.0
659,148.0,0.0,294.0,13912.0,141.0
660,149.0,0.0,112.0,11076.0,147.0
661,149.0,0.0,112.0,11076.0,147.0
662,149.0,0.0,112.0,11076.0,147.0
663,147.0,0.0,60.0,10488.0,144.0
664,147.0,0.0,60.0,10488.0,144.0
665,147.0,0.0,60.0,10488.0,144.0
666,148.0,0.0,105.0,10488.0,141.0
667,148.0,0.0,105.0,10488.0,141.0
668,148.0,0.0,105.0,10488.0,141.0
669,148.0,0.0,104.0,10920.0,142.0
670,148.0,0.0,104.0,10920.0,142.0
671,148.0,0.0,104.0,10920.0,142.0
672,148.0,0.0,108.0,10823.0,142.0
673,148.0,0.0,108.0,10823.0,142.0
674,148.0,0.0,108.0,10823.0,142.0
675,135.0,0.0,14.0,25152.0,139.0
676,135.0,0.0,14.0,25152.0,139.0
677,135.0,0.0,14.0,25152.0,139.0
678,150.0,0.0,181.0,10998.0,152.0
679,150.0,0.0,181.0,10998.0,152.0
680,150.0,0.0,181.0,10998.0,152.0
681,151.0,0.0,94.0,10001.0,167.0
682,151.0,0.0,94.0,10001.0,167.0
683,151.0,0.0,94.0,10001.0,167.0
684,149.0,0.0,30.0,10960.0,149.0
685,149.0,0.0,30.0,10960.0,149.0
686,149.0,0.0,30.0,10960.0,149.0
687,150.0,0.0,107.0,11088.0,153.0
688,150.0,0.0,107.0,11088.0,153.0
689,150.0,0.0,107.0,11088.0,153.0
690,148.0,0.0,84.0,10395.0,144.0
691,148.0,0.0,84.0,10395.0,144.0
692,148.0,0.0,84.0,10395.0,144.0
693,147.0,0.0,53.0,10011.0,142.0
694,147.0,0.0,53.0,10011.0,142.0
695,147.0,0.0,53.0,10011.0,142.0
696,148.0,0.0,62.0,11398.0,153.0
697,148.0,0.0,62.0,11398.0,153.0
698,148.0,0.0,62.0,11398.0,153.0
699,149.0,0.0,115.0,10857.0,149.0
700,149.0,0.0,115.0,10857.0,149.0
701,149.0,0.0,115.0,10857.0,149.0
702,148.0,0.0,186.0,11952.0,139.0
703,148.0,0.0,186.0,11952.0,139.0
704,148.0,0.0,186.0,11952.0,139.0
705,149.0,0.0,153.0,11745.0,143.0
706,149.0,0.0,153.0,11745.0,143.0
707,149.0,0.0,153.0,11745.0,143.0
708,148.0,0.0,173.0,12420.0,143.0
709,148.0,0.0,173.0,12420.0,143.0
710,148.0,0.0,173.0,12420.0,143.0
711,150.0,0.0,151.0,10150.0,145.0
712,150.0,0.0,151.0,10150.0,145.0
713,150.0,0.0,151.0,10150.0,145.0
714,148.0,0.0,103.0,11297.0,156.0
715,148.0,0.0,103.0,11297.0,156.0
716,148.0,0.0,103.0,11297.0,156.0
717,151.0,0.0,117.0,10575.0,148.0
718,151.0,0.0,117.0,10575.0,148.0
719,151.0,0.0,117.0,10575.0,148.0
720,117.0,0.0,27.0,1696.0,119.0
721,117.0,0.0,27.0,1696.0,119.0
722,117.0,0.0,27.0,1696.0,119.0
723,149.0,0.0,126.0,11152.0,143.0
724,149.0,0.0,126.0,11152.0,143.0
725,149.0,0.0,126.0,11152.0,143.0
726,149.0,0.0,105.0,10842.0,145.0
727,149.0,0.0,105.0,10842.0,145.0
728,149.0,0.0,105.0,10842.0,145.0
729,148.0,0.0,85.0,10275.0,157.0
730,148.0,0.0,85.0,10275.0,157.0
731,148.0,0.0,85.0,10275.0,157.0
732,147.0,0.0,62.0,10640.0,144.0
733,147.0,0.0,62.0,10640.0,144.0
734,147.0,0.0,62.0,10640.0,144.0
735,149.0,0.0,182.0,13286.0,158.0
736,149.0,0.0,182.0,13286.0,158.0
737,149.0,0.0,182.0,13286.0,158.0
738,113.0,0.0,31.0,1728.0,117.0
739,113.0,0.0,31.0,1728.0,117.0
740,113.0,0.0,31.0,1728.0,117.0
741,149.0,0.0,88.0,10944.0,140.0
742,149.0,0.0,88.0,10944.0,140.0
743,149.0,0.0,88.0,10944.0,140.0
744,147.0,0.0,84.0,10212.0,145.0
745,147.0,0.0,84.0,10212.0,145.0
746,147.0,0.0,84.0,10212.0,145.0
747,109.0,0.0,12.0,1716.0,111.0
748,109.0,0.0,12.0,1716.0,111.0
749,109.0,0.0,12.0,1716.0,111.0
750,157.0,0.0,580.0,13860.0,158.0
751,157.0,0.0,580.0,13860.0,158.0
752,157.0,0.0,580.0,13860.0,158.0
753,108.0,0.0,20.0,1749.0,109.0
754,108.0,0.0,20.0,1749.0,109.0
755,108.0,0.0,20.0,1749.0,109.0
756,150.0,0.0,378.0,15648.0,143.0
757,150.0,0.0,378.0,15648.0,143.0
758,150.0,0.0,378.0,15648.0,143.0
759,146.0,0.0,110.0,12936.0,150.0
760,146.0,0.0,110.0,12936.0,150.0
761,146.0,0.0,110.0,12936.0,150.0
762,145.0,0.0,285.0,14484.0,139.0
763,145.0,0.0,285.0,14484.0,139.0
764,145.0,0.0,285.0,14484.0,139.0
765,106.0,0.0,21.0,1696.0,108.0
766,106.0,0.0,21.0,1696.0,108.0
767,106.0,0.0,21.0,1696.0,108.0
768,145.0,0.0,325.0,17066.0,143.0
769,145.0,0.0,325.0,17066.0,143.0
770,145.0,0.0,325.0,17066.0,143.0
771,144.0,0.0,185.0,13640.0,147.0
772,144.0,0.0,185.0,13640.0,147.0
773,144.0,0.0,185.0,13640.0,147.0
774,144.0,0.0,204.0,12900.0,147.0
775,144.0,0.0,204.0,12900.0,147.0
776,144.0,0.0,204.0,12900.0,147.0
777,145.0,0.0,405.0,15370.0,147.0
778,145.0,0.0,405.0,15370.0,147.0
779,145.0,0.0,405.0,15370.0,147.0
780,105.0,0.0,20.0,1632.0,108.0
781,105.0,0.0,20.0,1632.0,108.0
782,105.0,0.0,20.0,1632.0,108.0
783,100.0,0.0,0.0,1560.0,102.0
784,100.0,0.0,0.0,1560.0,102.0
785,100.0,0.0,0.0,1560.0,102.0
786,144.0,0.0,210.0,9086.0,147.0
787,144.0,0.0,210.0,9086.0,147.0
788,144.0,0.0,210.0,9086.0,147.0
789,99.0,0.0,4.0,1612.0,96.0
790,99.0,0.0,4.0,1612.0,96.0
791,99.0,0.0,4.0,1612.0,96.0
792,144.0,0.0,177.0,7848.0,144.0
793,144.0,0.0,177.0,7848.0,144.0
794,144.0,0.0,177.0,7848.0,144.0
795,142.0,0.0,133.0,6666.0,140.0
796,142.0,0.0,133.0,6666.0,140.0
797,142.0,0.0,133.0,6666.0,140.0
798,98.0,0.0,6.0,1530.0,95.0
799,98.0,0.0,6.0,1530.0,95.0
800,98.0,0.0,6.0,1530.0,95.0
801,145.0,0.0,178.0,6222.0,140.0
802,145.0,0.0,178.0,6222.0,140.0
803,145.0,0.0,178.0,6222.0,140.0
804,142.0,0.0,144.0,6161.0,137.0
805,142.0,0.0,144.0,6161.0,137.0
806,142.0,0.0,144.0,6161.0,137.0
807,97.0,0.0,6.0,1728.0,99.0
808,97.0,0.0,6.0,1728.0,99.0
809,97.0,0.0,6.0,1728.0,99.0
810,141.0,0.0,125.0,5605.0,136.0
811,141.0,0.0,125.0,5605.0,136.0
812,141.0,0.0,125.0,5605.0,136.0
813,143.0,0.0,141.0,5415.0,138.0
814,143.0,0.0,141.0,5415.0,138.0
815,143.0,0.0,141.0,5415.0,138.0
816,143.0,0.0,102.0,4272.0,134.0
817,143.0,0.0,102.0,4272.0,134.0
818,143.0,0.0,102.0,4272.0,134.0
819,97.0,0.0,4.0,1632.0,99.0
820,97.0,0.0,4.0,1632.0,99.0
821,97.0,0.0,4.0,1632.0,99.0
822,140.0,0.0,58.0,4539.0,145.0
823,140.0,0.0,58.0,4539.0,145.0
824,140.0,0.0,58.0,4539.0,145.0
825,141.0,0.0,110.0,4785.0,138.0
826,141.0,0.0,110.0,4785.0,138.0
827,141.0,0.0,110.0,4785.0,138.0
828,140.0,0.0,56.0,4212.0,137.0
829,140.0,0.0,56.0,4212.0,137.0
830,140.0,0.0,56.0,4212.0,137.0
831,97.0,0.0,7.0,1870.0,98.0
832,97.0,0.0,7.0,1870.0,98.0
833,97.0,0.0,7.0,1870.0,98.0
834,142.0,0.0,28.0,3402.0,140.0
835,142.0,0.0,28.0,3402.0,140.0
836,142.0,0.0,28.0,3402.0,140.0
837,141.0,0.0,39.0,3450.0,138.0
838,141.0,0.0,39.0,3450.0,138.0
839,141.0,0.0,39.0,3450.0,138.0
840,99.0,0.0,9.0,4002.0,29.0
841,99.0,0.0,9.0,4002.0,29.0
842,99.0,0.0,9.0,4002.0,29.0
843,139.0,0.0,31.0,3139.0,158.0
844,139.0,0.0,31.0,3139.0,158.0
845,139.0,0.0,31.0,3139.0,158.0
846,141.0,0.0,65.0,2812.0,139.0
847,141.0,0.0,65.0,2812.0,139.0
848,141.0,0.0,65.0,2812.0,139.0
849,105.0,0.0,0.0,3024.0,103.0
850,105.0,0.0,0.0,3024.0,103.0
851,105.0,0.0,0.0,3024.0,103.0
852,112.0,0.0,0.0,2964.0,110.0
853,112.0,0.0,0.0,2964.0,110.0
854,112.0,0.0,0.0,2964.0,110.0
855,114.0,0.0,3.0,3936.0,118.0
856,114.0,0.0,3.0,3936.0,118.0
857,114.0,0.0,3.0,3936.0,118.0
858,121.0,0.0,5.0,4717.0,119.0
859,121.0,0.0,5.0,4717.0,119.0
860,121.0,0.0,5.0,4717.0,119.0
861,126.0,0.0,8.0,5225.0,121.0
862,126.0,0.0,8.0,5225.0,121.0
863,126.0,0.0,8.0,5225.0,121.0
864,95.0,0.0,0.0,2052.0,107.0
865,95.0,0.0,0.0,2052.0,107.0
866,95.0,0.0,0.0,2052.0,107.0
867,129.0,0.0,15.0,5238.0,131.0
868,129.0,0.0,15.0,5238.0,131.0
869,129.0,0.0,15.0,5238.0,131.0
870,132.0,0.0,30.0,6120.0,134.0
871,132.0,0.0,30.0,6120.0,134.0
872,132.0,0.0,30.0,6120.0,134.0
873,99.0,0.0,21.0,2747.0,101.0
874,99.0,0.0,21.0,2747.0,101.0
875,99.0,0.0,21.0,2747.0,101.0
876,138.0,0.0,39.0,11371.0,140.0
877,138.0,0.0,39.0,11371.0,140.0
878,138.0,0.0,39.0,11371.0,140.0
879,148.0,0.0,274.0,11988.0,155.0
880,148.0,0.0,274.0,11988.0,155.0
881,148.0,0.0,274.0,11988.0,155.0
882,154.0,0.0,514.0,15288.0,150.0
883,154.0,0.0,514.0,15288.0,150.0
884,154.0,0.0,514.0,15288.0,150.0
885,153.0,0.0,317.0,13992.0,155.0
886,153.0,0.0,317.0,13992.0,155.0
887,153.0,0.0,317.0,13992.0,155.0
888,101.0,0.0,0.0,2368.0,108.0
889,101.0,0.0,0.0,2368.0,108.0
890,101.0,0.0,0.0,2368.0,108.0
891,154.0,0.0,804.0,17898.0,162.0
892,154.0,0.0,804.0,17898.0,162.0
893,154.0,0.0,804.0,17898.0,162.0
894,154.0,0.0,285.0,14014.0,149.0
895,154.0,0.0,285.0,14014.0,149.0
896,154.0,0.0,285.0,14014.0,149.0
897,103.0,0.0,13.0,2898.0,106.0
898,103.0,0.0,13.0,2898.0,106.0
899,103.0,0.0,13.0,2898.0,106.0
900,155.0,0.0,312.0,13416.0,155.0
901,155.0,0.0,312.0,13416.0,155.0
902,155.0,0.0,312.0,13416.0,155.0
903,153.0,0.0,260.0,14536.0,155.0
904,153.0,0.0,260.0,14536.0,155.0
905,153.0,0.0,260.0,14536.0,155.0
906,154.0,0.0,312.0,11480.0,150.0
907,154.0,0.0,312.0,11480.0,150.0
908,154.0,0.0,312.0,11480.0,150.0
909,154.0,0.0,241.0,10062.0,156.0
910,154.0,0.0,241.0,10062.0,156.0
911,154.0,0.0,241.0,10062.0,156.0
912,154.0,0.0,283.0,8496.0,157.0
913,154.0,0.0,283.0,8496.0,157.0
914,154.0,0.0,283.0,8496.0,157.0
915,150.0,0.0,146.0,7383.0,148.0
916,150.0,0.0,146.0,7383.0,148.0
917,150.0,0.0,146.0,7383.0,148.0
918,106.0,0.0,9.0,3212.0,108.0
919,106.0,0.0,9.0,3212.0,108.0
920,106.0,0.0,9.0,3212.0,108.0
921,176.0,0.0,862.0,4032.0,178.0
922,176.0,0.0,862.0,4032.0,178.0
923,176.0,0.0,862.0,4032.0,178.0
924,154.0,0.0,457.0,5490.0,152.0
925,154.0,0.0,457.0,5490.0,152.0
926,154.0,0.0,457.0,5490.0,152.0
927,153.0,0.0,436.0,5940.0,143.0
928,153.0,0.0,436.0,5940.0,143.0
929,153.0,0.0,436.0,5940.0,143.0
930,152.0,0.0,459.0,6240.0,139.0
931,152.0,0.0,459.0,6240.0,139.0
932,152.0,0.0,459.0,6240.0,139.0
933,152.0,0.0,501.0,6760.0,143.0
934,152.0,0.0,501.0,6760.0,143.0
935,152.0,0.0,501.0,6760.0,143.0
936,152.0,0.0,547.0,7260.0,143.0
937,152.0,0.0,547.0,7260.0,143.0
938,152.0,0.0,547.0,7260.0,143.0
939,153.0,0.0,613.0,7918.0,143.0
940,153.0,0.0,613.0,7918.0,143.0
941,153.0,0.0,613.0,7918.0,143.0
942,156.0,0.0,540.0,4251.0,100.0
943,156.0,0.0,540.0,4251.0,100.0
944,156.0,0.0,540.0,4251.0,100.0
945,154.0,0.0,675.0,7597.0,145.0
946,154.0,0.0,675.0,7597.0,145.0
947,154.0,0.0,675.0,7597.0,145.0
948,154.0,0.0,643.0,7739.0,147.0
949,154.0,0.0,643.0,7739.0,147.0
950,154.0,0.0,643.0,7739.0,147.0
951,108.0,0.0,6.0,3619.0,114.0
952,108.0,0.0,6.0,3619.0,114.0
953,108.0,0.0,6.0,3619.0,114.0
954,154.0,0.0,711.0,7957.0,141.0
955,154.0,0.0,711.0,7957.0,141.0
956,154.0,0.0,711.0,7957.0,141.0
957,156.0,0.0,744.0,7920.0,157.0
958,156.0,0.0,744.0,7920.0,157.0
959,156.0,0.0,744.0,7920.0,157.0
960,148.0,0.0,303.0,7168.0,143.0
961,148.0,0.0,303.0,7168.0,143.0
962,148.0,0.0,303.0,7168.0,143.0
963,153.0,0.0,679.0,7848.0,146.0
964,153.0,0.0,679.0,7848.0,146.0
965,153.0,0.0,679.0,7848.0,146.0
966,154.0,0.0,717.0,8140.0,153.0
967,154.0,0.0,717.0,8140.0,153.0
968,154.0,0.0,717.0,8140.0,153.0
969,154.0,0.0,812.0,9360.0,133.0
970,154.0,0.0,812.0,9360.0,133.0
971,154.0,0.0,812.0,9360.0,133.0
972,153.0,0.0,855.0,10836.0,137.0
973,153.0,0.0,855.0,10836.0,137.0
974,153.0,0.0,855.0,10836.0,137.0
975,155.0,0.0,1016.0,12126.0,144.0
976,155.0,0.0,1016.0,12126.0,144.0
977,155.0,0.0,1016.0,12126.0,144.0
978,154.0,0.0,1070.0,13205.0,143.0
979,154.0,0.0,1070.0,13205.0,143.0
980,154.0,0.0,1070.0,13205.0,143.0
981,153.0,0.0,998.0,14105.0,136.0
982,153.0,0.0,998.0,14105.0,136.0
983,153.0,0.0,998.0,14105.0,136.0
984,153.0,0.0,1038.0,13559.0,147.0
985,153.0,0.0,1038.0,13559.0,147.0
986,153.0,0.0,1038.0,13559.0,147.0
987,155.0,0.0,1159.0,14288.0,150.0
988,155.0,0.0,1159.0,14288.0,150.0
989,155.0,0.0,1159.0,14288.0,150.0
990,110.0,0.0,12.0,4209.0,120.0
991,110.0,0.0,12.0,4209.0,120.0
992,110.0,0.0,12.0,4209.0,120.0
993,154.0,0.0,969.0,13195.0,146.0
994,154.0,0.0,969.0,13195.0,146.0
995,154.0,0.0,969.0,13195.0,146.0
996,154.0,0.0,1098.0,14304.0,145.0
997,154.0,0.0,1098.0,14304.0,145.0
998,154.0,0.0,1098.0,14304.0,145.0
999,152.0,0.0,834.0,13432.0,145.0
1000,152.0,0.0,834.0,13432.0,145.0
1001,152.0,0.0,834.0,13432.0,145.0
1002,153.0,0.0,1058.0,13680.0,141.0
1003,153.0,0.0,1058.0,13680.0,141.0
1004,153.0,0.0,1058.0,13680.0,141.0
1005,152.0,0.0,938.0,13230.0,147.0
1006,152.0,0.0,938.0,13230.0,147.0
1007,152.0,0.0,938.0,13230.0,147.0
1008,155.0,0.0,1165.0,13680.0,156.0
1009,155.0,0.0,1165.0,13680.0,156.0
1010,155.0,0.0,1165.0,13680.0,156.0
1011,110.0,0.0,9.0,4505.0,115.0
1012,110.0,0.0,9.0,4505.0,115.0
1013,110.0,0.0,9.0,4505.0,115.0
1014,155.0,0.0,1133.0,13741.0,165.0
1015,155.0,0.0,1133.0,13741.0,165.0
1016,155.0,0.0,1133.0,13741.0,165.0
1017,153.0,0.0,1029.0,14308.0,147.0
1018,153.0,0.0,1029.0,14308.0,147.0
1019,153.0,0.0,1029.0,14308.0,147.0
1020,153.0,0.0,1030.0,13578.0,147.0
1021,153.0,0.0,1030.0,13578.0,147.0
1022,153.0,0.0,1030.0,13578.0,147.0
1023,153.0,0.0,981.0,14006.0,163.0
1024,153.0,0.0,981.0,14006.0,163.0
1025,153.0,0.0,981.0,14006.0,163.0
1026,152.0,0.0,794.0,13104.0,148.0
1027,152.0,0.0,794.0,13104.0,148.0
1028,152.0,0.0,794.0,13104.0,148.0
1029,150.0,0.0,812.0,12615.0,141.0
1030,150.0,0.0,812.0,12615.0,141.0
1031,150.0,0.0,812.0,12615.0,141.0
1032,151.0,0.0,915.0,13050.0,146.0
1033,151.0,0.0,915.0,13050.0,146.0
1034,151.0,0.0,915.0,13050.0,146.0
1035,152.0,0.0,927.0,13708.0,141.0
1036,152.0,0.0,927.0,13708.0,141.0
1037,152.0,0.0,927.0,13708.0,141.0
1038,155.0,0.0,1149.0,15251.0,143.0
1039,155.0,0.0,1149.0,15251.0,143.0
1040,155.0,0.0,1149.0,15251.0,143.0
1041,152.0,0.0,887.0,13857.0,138.0
1042,152.0,0.0,887.0,13857.0,138.0
1043,152.0,0.0,887.0,13857.0,138.0
1044,152.0,0.0,755.0,13616.0,156.0
1045,152.0,0.0,755.0,13616.0,156.0
1046,152.0,0.0,755.0,13616.0,156.0
1047,154.0,0.0,1041.0,14647.0,143.0
1048,154.0,0.0,1041.0,14647.0,143.0
1049,154.0,0.0,1041.0,14647.0,143.0
1050,155.0,0.0,217.0,10270.0,188.0
1051,155.0,0.0,217.0,10270.0,188.0
1052,155.0,0.0,217.0,10270.0,188.0
1053,154.0,0.0,313.0,11160.0,161.0
1054,154.0,0.0,313.0,11160.0,161.0
1055,154.0,0.0,313.0,11160.0,161.0
1056,111.0,0.0,21.0,5148.0,125.0
1057,111.0,0.0,21.0,5148.0,125.0
1058,111.0,0.0,21.0,5148.0,125.0
1059,151.0,0.0,261.0,13728.0,187.0
1060,151.0,0.0,261.0,13728.0,187.0
1061,151.0,0.0,261.0,13728.0,187.0
1062,153.0,0.0,318.0,12480.0,172.0
1063,153.0,0.0,318.0,12480.0,172.0
1064,153.0,0.0,318.0,12480.0,172.0
1065,154.0,0.0,198.0,10560.0,182.0
1066,154.0,0.0,198.0,10560.0,182.0
1067,154.0,0.0,198.0,10560.0,182.0
1068,114.0,0.0,33.0,5320.0,118.0
1069,114.0,0.0,33.0,5320.0,118.0
1070,114.0,0.0,33.0,5320.0,118.0
1071,153.0,0.0,98.0,10988.0,174.0
1072,153.0,0.0,98.0,10988.0,174.0
1073,153.0,0.0,98.0,10988.0,174.0
1074,152.0,0.0,83.0,7470.0,166.0
1075,152.0,0.0,83.0,7470.0,166.0
1076,152.0,0.0,83.0,7470.0,166.0
1077,153.0,0.0,184.0,11223.0,173.0
1078,153.0,0.0,184.0,11223.0,173.0
1079,153.0,0.0,184.0,11223.0,173.0
1080,153.0,0.0,284.0,11152.0,167.0
1081,153.0,0.0,284.0,11152.0,167.0
1082,153.0,0.0,284.0,11152.0,167.0
1083,153.0,0.0,178.0,12445.0,163.0
1084,153.0,0.0,178.0,12445.0,163.0
1085,153.0,0.0,178.0,12445.0,163.0
1086,154.0,0.0,106.0,10324.0,159.0
1087,154.0,0.0,106.0,10324.0,159.0
1088,154.0,0.0,106.0,10324.0,159.0
1089,154.0,0.0,164.0,10742.0,175.0
1090,154.0,0.0,164.0,10742.0,175.0
1091,154.0,0.0,164.0,10742.0,175.0
1092,152.0,0.0,253.0,11430.0,166.0
1093,152.0,0.0,253.0,11430.0,166.0
1094,152.0,0.0,253.0,11430.0,166.0
1095,154.0,0.0,263.0,10260.0,161.0
1096,154.0,0.0,263.0,10260.0,161.0
1097,154.0,0.0,263.0,10260.0,161.0
1098,118.0,0.0,35.0,5952.0,124.0
1099,118.0,0.0,35.0,5952.0,124.0
1100,118.0,0.0,35.0,5952.0,124.0
1101,153.0,0.0,264.0,10416.0,159.0
1102,153.0,0.0,264.0,10416.0,159.0
1103,153.0,0.0,264.0,10416.0,159.0
1104,155.0,0.0,290.0,9842.0,163.0
1105,155.0,0.0,290.0,9842.0,163.0
1106,155.0,0.0,290.0,9842.0,163.0
1107,154.0,0.0,224.0,11178.0,173.0
1108,154.0,0.0,224.0,11178.0,173.0
1109,154.0,0.0,224.0,11178.0,173.0
1110,175.0,297.0,2464.0,14420.0,131.0
1111,175.0,297.0,2464.0,14420.0,131.0
1112,175.0,297.0,2464.0,14420.0,131.0
1113,161.0,62.0,2137.0,11890.0,117.0
1114,161.0,62.0,2137.0,11890.0,117.0
1115,161.0,62.0,2137.0,11890.0,117.0
1116,124.0,0.0,63.0,7739.0,138.0
1117,124.0,0.0,63.0,7739.0,138.0
1118,124.0,0.0,63.0,7739.0,138.0
1119,131.0,0.0,84.0,7992.0,135.0
1120,131.0,0.0,84.0,7992.0,135.0
1121,131.0,0.0,84.0,7992.0,135.0
1122,135.0,0.0,78.0,9009.0,146.0
1123,135.0,0.0,78.0,9009.0,146.0
1124,135.0,0.0,78.0,9009.0,146.0
1125,141.0,0.0,96.0,8568.0,152.0
1126,141.0,0.0,96.0,8568.0,152.0
1127,141.0,0.0,96.0,8568.0,152.0
1128,145.0,0.0,151.0,8968.0,156.0
1129,145.0,0.0,151.0,8968.0,156.0
1130,145.0,0.0,151.0,8968.0,156.0
1131,147.0,0.0,228.0,10160.0,163.0
1132,147.0,0.0,228.0,10160.0,163.0
1133,147.0,0.0,228.0,10160.0,163.0
